<?xml version="1.0" encoding="UTF-8"?>
<project-private xmlns="http://www.netbeans.org/ns/project-private/1">
    <editor-bookmarks xmlns="http://www.netbeans.org/ns/editor-bookmarks/2" lastBookmarkId="0"/>
    <open-files xmlns="http://www.netbeans.org/ns/projectui-open-files/2">
        <group>
            <file>file:/C:/DATA/Customers/R__/RPI/RPI-24FJ-FatFs/PIC24FJ128GA204_FatFs_SPI2.X/mcc_generated_files/drivers/spi_master.h</file>
            <file>file:/C:/DATA/Customers/R__/RPI/RPI-24FJ-FatFs/PIC24FJ128GA204_FatFs_SPI2.X/mcc_generated_files/drivers/spi_master.c</file>
            <file>file:/C:/DATA/Customers/R__/RPI/RPI-24FJ-FatFs/PIC24FJ128GA204_FatFs_SPI2.X/main.c</file>
            <file>file:/C:/DATA/Customers/R__/RPI/RPI-24FJ-FatFs/PIC24FJ128GA204_FatFs_SPI2.X/mcc_generated_files/spi2_driver.c</file>
            <file>file:/C:/DATA/Customers/R__/RPI/RPI-24FJ-FatFs/PIC24FJ128GA204_FatFs_SPI2.X/mcc_generated_files/fatfs/fatfs_demo.c</file>
            <file>file:/C:/DATA/Customers/R__/RPI/RPI-24FJ-FatFs/PIC24FJ128GA204_FatFs_SPI2.X/mcc_generated_files/sd_spi/sd_spi.c</file>
            <file>file:/C:/DATA/Customers/R__/RPI/RPI-24FJ-FatFs/PIC24FJ128GA204_FatFs_SPI2.X/mcc_generated_files/spi2_types.h</file>
        </group>
    </open-files>
</project-private>
